{
    "loss": 1.163772702217102,
    "accuracy": 0.7413793206214905
}